{
  "minecraft:recipes/misc/charcoal": {
    "criteria": {
      "has_log": "2020-12-22 17:30:22 -0500"
    },
    "done": true
  },
  "minecraft:recipes/building_blocks/spruce_planks": {
    "criteria": {
      "has_logs": "2020-12-22 17:30:22 -0500"
    },
    "done": true
  },
  "minecraft:recipes/building_blocks/spruce_wood": {
    "criteria": {
      "has_log": "2020-12-22 17:30:22 -0500"
    },
    "done": true
  },
  "minecraft:adventure/adventuring_time": {
    "criteria": {
      "minecraft:taiga": "2020-12-22 17:30:19 -0500",
      "minecraft:river": "2020-12-22 17:30:17 -0500",
      "minecraft:plains": "2020-12-22 15:01:45 -0500"
    },
    "done": false
  },
  "DataVersion": 2584
}