{"stats":{"minecraft:picked_up":{"minecraft:spruce_log":3,"minecraft:wheat_seeds":2},"minecraft:mined":{"minecraft:tall_grass":4,"minecraft:grass":3,"minecraft:spruce_leaves":1,"minecraft:spruce_log":3},"minecraft:custom":{"minecraft:jump":125,"minecraft:time_since_rest":4199,"minecraft:damage_dealt":96,"minecraft:play_one_minute":4199,"minecraft:leave_game":2,"minecraft:sprint_one_cm":15403,"minecraft:damage_taken":120,"minecraft:time_since_death":4199,"minecraft:walk_one_cm":13422,"minecraft:fall_one_cm":5129,"minecraft:fly_one_cm":27738}},"DataVersion":2584}